{
  "meta": {
    "scale": "1",
    "size": {
      "h": 40,
      "w": 80
    },
    "format": "RGBA8888",
    "image": "Big-Pill.xpm",
    "version": "1.1.0-dev",
    "app": "http://www.aseprite.org/"
  },
  "frames": {
    "Big-Pill 1.ase": {
      "duration": 300,
      "sourceSize": {
        "h": 40,
        "w": 40
      },
      "spriteSourceSize": {
        "h": 40,
        "w": 40,
        "y": 0,
        "x": 0
      },
      "trimmed": false,
      "rotated": false,
      "frame": {
        "h": 40,
        "w": 40,
        "y": 0,
        "x": 40
      }
    },
    "Big-Pill 0.ase": {
      "duration": 300,
      "sourceSize": {
        "h": 40,
        "w": 40
      },
      "spriteSourceSize": {
        "h": 40,
        "w": 40,
        "y": 0,
        "x": 0
      },
      "trimmed": false,
      "rotated": false,
      "frame": {
        "h": 40,
        "w": 40,
        "y": 0,
        "x": 0
      }
    }
  }
}
