{ "frames": {
   "Pacman-Chomping 0.ase": {
    "frame": { "x": 0, "y": 0, "w": 40, "h": 40 },
    "rotated": false,
    "trimmed": false,
    "spriteSourceSize": { "x": 0, "y": 0, "w": 40, "h": 40 },
    "sourceSize": { "w": 40, "h": 40 },
    "duration": 100
   },
   "Pacman-Chomping 1.ase": {
    "frame": { "x": 40, "y": 0, "w": 40, "h": 40 },
    "rotated": false,
    "trimmed": false,
    "spriteSourceSize": { "x": 0, "y": 0, "w": 40, "h": 40 },
    "sourceSize": { "w": 40, "h": 40 },
    "duration": 100
   },
   "Pacman-Chomping 2.ase": {
    "frame": { "x": 80, "y": 0, "w": 40, "h": 40 },
    "rotated": false,
    "trimmed": false,
    "spriteSourceSize": { "x": 0, "y": 0, "w": 40, "h": 40 },
    "sourceSize": { "w": 40, "h": 40 },
    "duration": 100
   },
   "Pacman-Chomping 3.ase": {
    "frame": { "x": 120, "y": 0, "w": 40, "h": 40 },
    "rotated": false,
    "trimmed": false,
    "spriteSourceSize": { "x": 0, "y": 0, "w": 40, "h": 40 },
    "sourceSize": { "w": 40, "h": 40 },
    "duration": 100
   }
 },
 "meta": {
  "app": "http://www.aseprite.org/",
  "version": "1.1.0-dev",
  "image": "Pacman-Chomping-Left.xpm",
  "format": "RGBA8888",
  "size": { "w": 160, "h": 40 },
  "scale": "1"
 }
}
