{
  "meta": {
    "scale": "1",
    "size": {
      "h": 40,
      "w": 440
    },
    "format": "RGBA8888",
    "image": "Pacman-Death.xpm",
    "version": "1.1.0-dev",
    "app": "http://www.aseprite.org/"
  },
  "frames": {
    "Pacman-Death 10.ase": {
      "duration": 400,
      "sourceSize": {
        "h": 40,
        "w": 40
      },
      "spriteSourceSize": {
        "h": 40,
        "w": 40,
        "y": 0,
        "x": 0
      },
      "trimmed": false,
      "rotated": false,
      "frame": {
        "h": 40,
        "w": 40,
        "y": 0,
        "x": 400
      }
    },
    "Pacman-Death 9.ase": {
      "duration": 200,
      "sourceSize": {
        "h": 40,
        "w": 40
      },
      "spriteSourceSize": {
        "h": 40,
        "w": 40,
        "y": 0,
        "x": 0
      },
      "trimmed": false,
      "rotated": false,
      "frame": {
        "h": 40,
        "w": 40,
        "y": 0,
        "x": 360
      }
    },
    "Pacman-Death 8.ase": {
      "duration": 200,
      "sourceSize": {
        "h": 40,
        "w": 40
      },
      "spriteSourceSize": {
        "h": 40,
        "w": 40,
        "y": 0,
        "x": 0
      },
      "trimmed": false,
      "rotated": false,
      "frame": {
        "h": 40,
        "w": 40,
        "y": 0,
        "x": 320
      }
    },
    "Pacman-Death 0.ase": {
      "duration": 100,
      "sourceSize": {
        "h": 40,
        "w": 40
      },
      "spriteSourceSize": {
        "h": 40,
        "w": 40,
        "y": 0,
        "x": 0
      },
      "trimmed": false,
      "rotated": false,
      "frame": {
        "h": 40,
        "w": 40,
        "y": 0,
        "x": 0
      }
    },
    "Pacman-Death 1.ase": {
      "duration": 100,
      "sourceSize": {
        "h": 40,
        "w": 40
      },
      "spriteSourceSize": {
        "h": 40,
        "w": 40,
        "y": 0,
        "x": 0
      },
      "trimmed": false,
      "rotated": false,
      "frame": {
        "h": 40,
        "w": 40,
        "y": 0,
        "x": 40
      }
    },
    "Pacman-Death 2.ase": {
      "duration": 100,
      "sourceSize": {
        "h": 40,
        "w": 40
      },
      "spriteSourceSize": {
        "h": 40,
        "w": 40,
        "y": 0,
        "x": 0
      },
      "trimmed": false,
      "rotated": false,
      "frame": {
        "h": 40,
        "w": 40,
        "y": 0,
        "x": 80
      }
    },
    "Pacman-Death 3.ase": {
      "duration": 100,
      "sourceSize": {
        "h": 40,
        "w": 40
      },
      "spriteSourceSize": {
        "h": 40,
        "w": 40,
        "y": 0,
        "x": 0
      },
      "trimmed": false,
      "rotated": false,
      "frame": {
        "h": 40,
        "w": 40,
        "y": 0,
        "x": 120
      }
    },
    "Pacman-Death 4.ase": {
      "duration": 100,
      "sourceSize": {
        "h": 40,
        "w": 40
      },
      "spriteSourceSize": {
        "h": 40,
        "w": 40,
        "y": 0,
        "x": 0
      },
      "trimmed": false,
      "rotated": false,
      "frame": {
        "h": 40,
        "w": 40,
        "y": 0,
        "x": 160
      }
    },
    "Pacman-Death 5.ase": {
      "duration": 100,
      "sourceSize": {
        "h": 40,
        "w": 40
      },
      "spriteSourceSize": {
        "h": 40,
        "w": 40,
        "y": 0,
        "x": 0
      },
      "trimmed": false,
      "rotated": false,
      "frame": {
        "h": 40,
        "w": 40,
        "y": 0,
        "x": 200
      }
    },
    "Pacman-Death 6.ase": {
      "duration": 100,
      "sourceSize": {
        "h": 40,
        "w": 40
      },
      "spriteSourceSize": {
        "h": 40,
        "w": 40,
        "y": 0,
        "x": 0
      },
      "trimmed": false,
      "rotated": false,
      "frame": {
        "h": 40,
        "w": 40,
        "y": 0,
        "x": 240
      }
    },
    "Pacman-Death 7.ase": {
      "duration": 100,
      "sourceSize": {
        "h": 40,
        "w": 40
      },
      "spriteSourceSize": {
        "h": 40,
        "w": 40,
        "y": 0,
        "x": 0
      },
      "trimmed": false,
      "rotated": false,
      "frame": {
        "h": 40,
        "w": 40,
        "y": 0,
        "x": 280
      }
    }
  }
}
